{"stats":{"minecraft:picked_up":{"minecraft:lever":1,"minecraft:white_concrete":22,"minecraft:redstone":2,"fairylights:orb_lantern":6,"minecraft:oak_planks":11,"minecraft:dirt":20},"minecraft:used":{"minecraft:oak_fence":23,"minecraft:lever":6,"minecraft:redstone_lamp":10,"minecraft:repeater":11,"minecraft:dirt":313,"minecraft:comparator":2,"minecraft:oak_slab":19,"minecraft:birch_slab":329,"minecraft:tnt":31,"minecraft:grass_block":1128,"minecraft:spruce_slab":28,"minecraft:redstone":27,"minecraft:oak_planks":11,"minecraft:white_terracotta":330,"minecraft:stripped_oak_log":100,"minecraft:white_concrete":244,"minecraft:redstone_block":5},"minecraft:custom":{"minecraft:time_since_rest":78793,"minecraft:crouch_one_cm":1224,"minecraft:sprint_one_cm":19226,"minecraft:play_time":78793,"minecraft:walk_one_cm":117759,"minecraft:sneak_time":998,"minecraft:walk_under_water_one_cm":893,"minecraft:drop":1,"minecraft:jump":144,"minecraft:leave_game":2,"minecraft:walk_on_water_one_cm":303,"minecraft:time_since_death":78793,"minecraft:total_world_time":78793,"minecraft:fall_one_cm":1370,"minecraft:fly_one_cm":524838},"minecraft:dropped":{"fairylights:orb_lantern":1}},"DataVersion":3465}