{"stats":{"minecraft:custom":{"minecraft:time_since_rest":155986,"minecraft:sprint_one_cm":77593,"minecraft:walk_one_cm":325072,"minecraft:drop":1,"minecraft:fly_one_cm":866182,"minecraft:crouch_one_cm":2183,"minecraft:play_time":155986,"minecraft:open_shulker_box":3,"minecraft:sneak_time":1555,"minecraft:walk_under_water_one_cm":7545,"minecraft:jump":256,"minecraft:leave_game":6,"minecraft:walk_on_water_one_cm":1273,"minecraft:time_since_death":155986,"minecraft:climb_one_cm":745,"minecraft:total_world_time":155986,"minecraft:fall_one_cm":1370},"minecraft:dropped":{"fairylights:orb_lantern":1},"minecraft:picked_up":{"minecraft:netherite_boots":1,"minecraft:redstone":9,"minecraft:netherite_leggings":1,"minecraft:dirt":20,"minecraft:elytra":1,"minecraft:netherite_helmet":1,"minecraft:lever":2,"minecraft:white_concrete":22,"minecraft:netherite_chestplate":1,"minecraft:oak_planks":11,"fairylights:orb_lantern":6},"minecraft:used":{"minecraft:oak_fence":36,"minecraft:sticky_piston":18,"minecraft:lever":14,"yuushya:classical_white_door_top":2,"minecraft:light_gray_concrete":224,"minecraft:quartz_slab":3,"minecraft:birch_slab":877,"minecraft:smooth_quartz_slab":29,"minecraft:grass_block":1205,"minecraft:spruce_slab":28,"minecraft:redstone":158,"minecraft:oak_planks":11,"minecraft:white_terracotta":667,"minecraft:redstone_block":22,"minecraft:iron_door":6,"minecraft:redstone_lamp":14,"minecraft:repeater":20,"minecraft:dirt":313,"minecraft:comparator":2,"minecraft:tnt":31,"minecraft:oak_slab":23,"minecraft:glass_pane":50,"minecraft:stripped_oak_log":100,"minecraft:white_concrete":248,"yuushya:birch_tall_door":2}},"DataVersion":3465}