{"stats":{"minecraft:custom":{"minecraft:time_since_rest":77637,"minecraft:crouch_one_cm":1224,"minecraft:play_time":77637,"minecraft:sprint_one_cm":19226,"minecraft:walk_one_cm":110615,"minecraft:sneak_time":998,"minecraft:walk_under_water_one_cm":893,"minecraft:drop":1,"minecraft:jump":144,"minecraft:leave_game":1,"minecraft:time_since_death":77637,"minecraft:walk_on_water_one_cm":303,"minecraft:total_world_time":77637,"minecraft:fall_one_cm":1370,"minecraft:fly_one_cm":524838},"minecraft:dropped":{"fairylights:orb_lantern":1},"minecraft:used":{"minecraft:oak_fence":23,"minecraft:lever":6,"minecraft:repeater":9,"minecraft:dirt":313,"minecraft:redstone_lamp":10,"minecraft:comparator":2,"minecraft:oak_slab":19,"minecraft:tnt":31,"minecraft:birch_slab":329,"minecraft:grass_block":1128,"minecraft:spruce_slab":28,"minecraft:redstone":27,"minecraft:oak_planks":11,"minecraft:white_terracotta":320,"minecraft:stripped_oak_log":100,"minecraft:white_concrete":244,"minecraft:redstone_block":5},"minecraft:picked_up":{"minecraft:lever":1,"minecraft:white_concrete":22,"minecraft:redstone":2,"fairylights:orb_lantern":6,"minecraft:oak_planks":11,"minecraft:dirt":20}},"DataVersion":3465}