{"stats":{"minecraft:killed_by":{"minecraft:player":1},"minecraft:custom":{"minecraft:mob_kills":17,"minecraft:play_record":2,"minecraft:tune_noteblock":37,"minecraft:bell_ring":149,"minecraft:eat_cake_slice":147,"minecraft:leave_game":6,"minecraft:time_since_death":463186,"minecraft:sleep_in_bed":9,"minecraft:time_since_rest":139738,"minecraft:sprint_one_cm":201335,"minecraft:damage_taken":1907,"minecraft:walk_one_cm":456343,"minecraft:drop":53,"minecraft:damage_dealt":2206,"minecraft:swim_one_cm":46994,"minecraft:fly_one_cm":645361,"minecraft:open_chest":5,"minecraft:crouch_one_cm":38109,"minecraft:play_time":479295,"minecraft:deaths":2,"minecraft:sneak_time":22500,"minecraft:walk_under_water_one_cm":19061,"minecraft:boat_one_cm":33635,"minecraft:jump":1186,"minecraft:walk_on_water_one_cm":11745,"minecraft:total_world_time":479295,"minecraft:fall_one_cm":1045},"minecraft:dropped":{"minecraft:cherry_boat":1,"drinkbeer:beer_mug_night_howl_kvass":1,"minecraft:netherite_sword":1,"minecraft:cookie":1,"minecraft:carrot":3,"minecraft:milk_bucket":2,"minecraft:writable_book":44},"minecraft:picked_up":{"minecraft:leather":2,"minecraft:lead":1,"minecraft:string":8,"fairylights:heart_light":1,"minecraft:cherry_boat":1,"minecraft:netherite_sword":1,"minecraft:rabbit":1,"minecraft:milk_bucket":2,"minecraft:cookie":1,"minecraft:music_disc_11":2,"minecraft:carrot":2,"drinkbeer:beer_mug_night_howl_kvass":1,"minecraft:writable_book":40},"minecraft:killed":{"minecraft:cat":8,"polly_pets:ferret":5,"minecraft:horse":1,"polly_pets:corgi_puppy":1,"minecraft:fox":1,"minecraft:axolotl":1},"minecraft:used":{"minecraft:cherry_boat":5,"minecraft:quartz_bricks":2,"minecraft:netherite_sword":35,"minecraft:rose_bush":17,"minecraft:writable_book":52,"drinkbeer:empty_beer_mug":2,"cfm:stripped_birch_upgraded_fence":1,"minecraft:horse_spawn_egg":1,"minecraft:cooked_chicken":4,"minecraft:oak_leaves":2,"minecraft:cookie":96,"fairylights:heart_light":9,"minecraft:dirt":4,"minecraft:rabbit_spawn_egg":1,"cfm:stripped_crimson_coffee_table":1,"cfm:trampoline":64,"minecraft:note_block":1,"minecraft:music_disc_11":2,"polly_pets:red_bed_recipe":5,"minecraft:axolotl_bucket":1,"minecraft:cake":41,"minecraft:bamboo_button":1,"minecraft:dark_oak_door":10,"minecraft:milk_bucket":102,"minecraft:oak_log":1,"minecraft:dark_oak_planks":2,"minecraft:apple":7,"cfm:white_kitchen_drawer":3,"minecraft:grass_block":32,"minecraft:string":2,"minecraft:smooth_sandstone":5,"drinkbeer:beer_mug_night_howl_kvass":51,"minecraft:cherry_button":2,"cfm:rainbow_sofa":3,"minecraft:cherry_sign":6,"minecraft:pink_wool":42,"minecraft:cat_spawn_egg":8,"minecraft:pink_bed":17,"minecraft:cobblestone":2,"minecraft:bucket":1,"minecraft:glass_pane":2,"polly_pets:pet_bowl_12":1,"drinkbeer:beer_mug_sweet_berry_kriek":9,"minecraft:cooked_beef":45,"minecraft:cherry_fence":23,"minecraft:jukebox":4,"cfm:crimson_blinds":1,"drinkbeer:lekas_call_bell":1}},"DataVersion":3465}