{"stats":{"minecraft:picked_up":{"drinkbeer:recipe_board_beer_mug_sweet_berry_kriek":1,"drinkbeer:recipe_board_beer_mug_blaze_stout":1,"drinkbeer:recipe_board_beer_mug_blaze_milk_stout":1,"fairylights:hanging_lights":2,"drinkbeer:recipe_board_beer_mug_pumpkin_kvass":1,"drinkbeer:recipe_board_beer_mug":1,"drinkbeer:recipe_board_beer_mug_haars_icey_pale_lager":1,"drinkbeer:recipe_board_beer_mug_frothy_pink_eggnog":1,"drinkbeer:recipe_board_beer_mug_night_howl_kvass":1,"drinkbeer:recipe_board_beer_mug_apple_lambic":1},"minecraft:dropped":{"drinkbeer:beer_mug_frothy_pink_eggnog":16,"minecraft:jungle_leaves":2,"minecraft:oak_leaves":1},"minecraft:used":{"minecraft:jungle_leaves":7,"automobility:steep_slope":1,"cfm:stripped_birch_chair":1,"automobility:sand_off_road":3,"minecraft:stripped_bamboo_block":53,"cfm:stripped_oak_coffee_table":23,"minecraft:grass_block":21,"fairylights:hanging_lights":2,"minecraft:barrier":1,"drinkbeer:empty_beer_mug":3,"drinkbeer:recipe_board_beer_mug_haars_icey_pale_lager":1,"cfm:stripped_oak_chair":5,"fairylights:meteor_light":1,"drinkbeer:recipe_board_beer_mug_night_howl_kvass":1,"minecraft:stone":34,"minecraft:bamboo_slab":167,"minecraft:oak_leaves":1,"fairylights:heart_light":7,"minecraft:bamboo_stairs":1,"drinkbeer:beer_mug_frothy_pink_eggnog":4,"minecraft:mossy_cobblestone":10,"cfm:stripped_jungle_chair":1,"fairylights:witch_light":1,"minecraft:milk_bucket":2},"minecraft:custom":{"minecraft:time_since_rest":84395,"minecraft:sprint_one_cm":31869,"minecraft:walk_one_cm":39923,"minecraft:drop":4,"minecraft:swim_one_cm":2999,"minecraft:fly_one_cm":775671,"minecraft:crouch_one_cm":419,"minecraft:play_time":84395,"minecraft:sneak_time":1213,"minecraft:walk_under_water_one_cm":806,"minecraft:jump":392,"minecraft:leave_game":1,"minecraft:walk_on_water_one_cm":4227,"minecraft:time_since_death":84395,"minecraft:total_world_time":84395}},"DataVersion":3465}