{"stats":{"minecraft:custom":{"minecraft:mob_kills":3,"minecraft:eat_cake_slice":68,"minecraft:leave_game":16,"minecraft:time_since_death":2411,"minecraft:sleep_in_bed":4,"minecraft:climb_one_cm":140,"minecraft:time_since_rest":2465,"minecraft:sprint_one_cm":850367,"minecraft:damage_taken":3999,"minecraft:walk_one_cm":1357593,"minecraft:drop":272,"minecraft:damage_dealt":1469,"minecraft:swim_one_cm":196507,"minecraft:fly_one_cm":1922853,"minecraft:open_chest":15,"minecraft:crouch_one_cm":5222,"minecraft:play_time":544799,"minecraft:deaths":10,"minecraft:sneak_time":4696,"minecraft:walk_under_water_one_cm":173256,"minecraft:jump":1610,"minecraft:walk_on_water_one_cm":30247,"minecraft:total_world_time":544799,"minecraft:fall_one_cm":12859},"minecraft:dropped":{"minecraft:oak_planks":1,"minecraft:cooked_mutton":214,"cfm:oak_park_bench":1,"minecraft:spruce_stairs":1,"fairylights:meteor_light":1,"minecraft:red_carpet":1,"minecraft:red_bed":1,"fairylights:heart_light":4,"cfm:stripped_crimson_chair":1,"cfm:stripped_crimson_table":1,"minecraft:glowstone":1,"fairylights:flower_light":3,"minecraft:writable_book":1,"minecraft:bone_block":1,"minecraft:sandstone":1,"cfm:red_sofa":1,"automobility:crowbar":1,"cfm:crimson_desk_cabinet":1,"minecraft:cooked_rabbit":30,"automobility:automobile_engine":1,"minecraft:egg":5},"minecraft:picked_up":{"minecraft:fishing_rod":2,"minecraft:wheat":1,"minecraft:black_carpet":51,"minecraft:glow_ink_sac":28,"minecraft:lead":2,"minecraft:cooked_rabbit":9,"minecraft:cobblestone_stairs":1,"cfm:mangrove_blinds":1,"minecraft:lantern":2,"fairylights:heart_light":1,"minecraft:item_frame":12,"automobility:automobile_wheel":564,"minecraft:cooked_mutton":89,"minecraft:red_carpet":23,"minecraft:glass_pane":1,"minecraft:spruce_wood":1,"minecraft:iron_ingot":2,"minecraft:spruce_slab":1,"fairylights:flower_light":1,"minecraft:light_gray_wool":2,"minecraft:oak_planks":2,"minecraft:egg":7,"minecraft:spruce_fence":2,"minecraft:spruce_stairs":1,"automobility:automobile_assembler":1,"automobility:automobile_engine":2,"minecraft:ink_sac":14,"minecraft:mangrove_sign":1,"minecraft:grass_block":1,"automobility:automobile_frame":3,"minecraft:spruce_fence_gate":1,"minecraft:stone_shovel":2,"minecraft:stone_axe":2,"drinkbeer:beer_mug":1,"minecraft:writable_book":1,"minecraft:bone_meal":2,"minecraft:gold_ingot":2,"minecraft:glowstone":3,"automobility:crowbar":2,"minecraft:mutton":4,"minecraft:cod":24,"cfm:trampoline":1},"minecraft:used":{"drinkbeer:beer_mug_blaze_milk_stout":48,"minecraft:cooked_mutton":1,"minecraft:writable_book":1,"minecraft:cobblestone_stairs":4,"cfm:oak_park_bench":3,"minecraft:spruce_slab":717,"minecraft:stone_shovel":4,"minecraft:oak_planks":380,"minecraft:bone_block":2,"cfm:crimson_cabinet":3,"minecraft:black_carpet":42,"minecraft:chest":2,"fairylights:meteor_light":3,"minecraft:fox_spawn_egg":7,"minecraft:sandstone":10,"minecraft:stone":1,"cfm:crimson_table":2,"minecraft:spruce_fence_gate":8,"cfm:stripped_spruce_chair":3,"minecraft:mangrove_hanging_sign":1,"fairylights:heart_light":8,"cfm:trampoline":99,"minecraft:oak_slab":1,"minecraft:prismarine_bricks":1,"polly_pets:fish_tank":25,"minecraft:red_bed":1,"drinkbeer:beer_mug":7,"minecraft:spruce_stairs":2,"cfm:stripped_crimson_chair":11,"minecraft:spruce_log":23,"automobility:automobile_assembler":3,"minecraft:mangrove_sign":1,"cfm:stripped_crimson_table":1,"minecraft:spruce_fence":89,"polly_pets:red_bed_recipe":4,"fairylights:flower_light":6,"minecraft:redstone_torch":7,"cfm:mangrove_blinds":34,"minecraft:quartz_slab":35,"minecraft:spruce_wood":90,"minecraft:lantern":24,"minecraft:grass_block":273,"minecraft:cherry_slab":2,"cfm:crimson_desk_cabinet":10,"drinkbeer:beer_mug_night_howl_kvass":12,"minecraft:stone_bricks":178,"cfm:stripped_spruce_blinds":50,"minecraft:pink_petals":74,"minecraft:glowstone":18,"minecraft:red_carpet":43,"cfm:red_sofa":5,"minecraft:jungle_door":2,"cfm:crimson_bedside_cabinet":2,"minecraft:glass_pane":25,"polly_pets:pet_bed":5,"minecraft:egg":1}},"DataVersion":3465}