{"stats":{"minecraft:custom":{"minecraft:mob_kills":9,"minecraft:open_barrel":1,"minecraft:leave_game":9,"minecraft:time_since_death":308317,"minecraft:sleep_in_bed":1,"minecraft:time_since_rest":411,"minecraft:sprint_one_cm":344287,"minecraft:damage_taken":2311,"minecraft:walk_one_cm":292479,"minecraft:drop":4,"minecraft:damage_dealt":3096,"minecraft:swim_one_cm":8064,"minecraft:fly_one_cm":1588542,"minecraft:player_kills":1,"minecraft:open_chest":34,"minecraft:crouch_one_cm":1324,"minecraft:play_time":352531,"minecraft:deaths":6,"minecraft:sneak_time":3099,"minecraft:walk_under_water_one_cm":2829,"minecraft:jump":908,"minecraft:walk_on_water_one_cm":2094,"minecraft:total_world_time":352531,"minecraft:fall_one_cm":11885},"minecraft:dropped":{"minecraft:writable_book":1,"minecraft:beef":2,"drinkbeer:beer_mug":1},"minecraft:killed":{"polly_pets:corgi":1,"polly_pets:st_bernard":1,"polly_pets:corgi_puppy":6,"polly_pets:husky":1},"minecraft:picked_up":{"fairylights:meteor_light":1,"drinkbeer:recipe_board_beer_mug_blaze_stout":1,"fairylights:hanging_lights":6,"drinkbeer:recipe_board_beer_mug_pumpkin_kvass":1,"drinkbeer:recipe_board_beer_mug":1,"fairylights:tinsel":1,"drinkbeer:recipe_board_beer_mug_haars_icey_pale_lager":1,"minecraft:lantern":3,"automobility:automobile_wheel":5,"drinkbeer:recipe_board_beer_mug_apple_lambic":1,"drinkbeer:recipe_board_beer_mug_frothy_pink_eggnog":1,"minecraft:red_carpet":7,"drinkbeer:recipe_board_beer_mug_night_howl_kvass":1,"automobility:automobile":1,"minecraft:beef":2,"drinkbeer:recipe_board_beer_mug_sweet_berry_kriek":1,"minecraft:sandstone":1,"drinkbeer:recipe_board_beer_mug_blaze_milk_stout":1,"minecraft:blue_carpet":6,"automobility:automobile_frame":1,"minecraft:yellow_carpet":4,"minecraft:lime_carpet":4,"minecraft:writable_book":1,"fairylights:garland":2},"minecraft:used":{"drinkbeer:beer_mug_blaze_milk_stout":1,"cfm:black_kitchen_drawer":4,"minecraft:deepslate_brick_wall":18,"polly_pets:acacia_dog_house":1,"minecraft:netherite_sword":16,"cfm:spruce_kitchen_sink_light":3,"cfm:oak_mail_box":1,"fairylights:orb_lantern":1,"minecraft:writable_book":1,"cfm:stripped_birch_table":12,"minecraft:amethyst_block":1,"minecraft:torchflower":1,"minecraft:dirt_path":9,"fairylights:hanging_lights":21,"minecraft:spruce_slab":75,"polly_pets:oak_litter_box":1,"minecraft:oak_planks":360,"cfm:spruce_cabinet":1,"polly_pets:husky_spawn_egg":2,"minecraft:chest":1,"minecraft:spruce_planks":442,"fairylights:meteor_light":3,"fairylights:oil_lantern":1,"minecraft:blue_bed":1,"minecraft:spruce_fence_gate":1,"cfm:stripped_spruce_chair":6,"polly_pets:blue_pet_bed":2,"cfm:rock_path":29,"fairylights:paper_lantern":2,"minecraft:oak_door":10,"minecraft:torch":3,"minecraft:glow_item_frame":3,"automobility:slope":14,"minecraft:dirt":21,"cfm:acacia_park_bench":1,"fairylights:candle_lantern_light":2,"polly_pets:pet_water_bottle":3,"polly_pets:fish_tank":7,"cfm:trampoline":53,"drinkbeer:beer_mug":16,"minecraft:spruce_stairs":297,"minecraft:birch_sign":2,"minecraft:cobblestone_wall":9,"fairylights:moon_light":21,"minecraft:campfire":10,"minecraft:yellow_carpet":15,"minecraft:stone_brick_wall":109,"minecraft:painting":42,"cfm:spruce_table":2,"fairylights:flower_light":16,"minecraft:birch_door":7,"minecraft:oak_log":33,"minecraft:stone_brick_slab":13,"automobility:steep_slope":5,"cfm:spruce_upgraded_fence":13,"cfm:door_mat":6,"minecraft:sea_lantern":38,"minecraft:netherite_shovel":21,"polly_pets:corgi_spawn_egg":1,"cfm:flowering_azalea_hedge":23,"minecraft:daylight_detector":4,"cfm:white_sofa":6,"polly_pets:blazin_steak":1,"minecraft:lime_carpet":18,"minecraft:lantern":22,"minecraft:grass_block":43,"drinkbeer:beer_mug_blaze_stout":5,"minecraft:netherite_axe":3,"cfm:blue_cooler":2,"fairylights:tinsel":10,"minecraft:birch_hanging_sign":1,"polly_pets:pet_bowl_7":1,"drinkbeer:beer_mug_haars_icey_pale_lager":2,"drinkbeer:beer_mug_night_howl_kvass":2,"polly_pets:st_bernard_spawn_egg":1,"minecraft:spruce_trapdoor":11,"drinkbeer:spice_dried_selaginella":3,"drinkbeer:recipe_board_package":1,"drinkbeer:iron_call_bell":1,"drinkbeer:beer_mug_frothy_pink_eggnog":2,"fairylights:icicle_lights":1,"drinkbeer:beer_mug_pumpkin_kvass":2,"minecraft:barrel":52,"minecraft:stone_brick_stairs":28,"minecraft:stone_bricks":166,"cfm:spruce_coffee_table":24,"minecraft:soul_lantern":8,"minecraft:item_frame":1,"minecraft:blue_carpet":16,"drinkbeer:beer_barrel":19,"minecraft:glowstone":2,"minecraft:red_carpet":18,"minecraft:redstone_lamp":2,"minecraft:cobblestone":622,"minecraft:snow":10,"fairylights:garland":6,"cfm:fridge_light":1,"cfm:stripped_oak_blinds":19,"drinkbeer:beer_mug_apple_lambic":2,"cfm:stripped_birch_bedside_cabinet":2,"fairylights:witch_light":2,"fairylights:oil_lantern_light":2,"cfm:red_sofa":17,"minecraft:chain":9,"minecraft:glass_pane":35,"drinkbeer:bartending_table_normal":3,"drinkbeer:beer_mug_sweet_berry_kriek":1,"fairylights:candle_lantern":1,"minecraft:purple_carpet":7,"polly_pets:fried_egg":1,"fairylights:fairy_light":3,"minecraft:jukebox":1,"minecraft:smooth_stone":236,"drinkbeer:trade_box_normal":1,"drinkbeer:lekas_call_bell":1,"drinkbeer:golden_call_bell":1,"fairylights:incandescent_light":1}},"DataVersion":3465}