{"stats":{"minecraft:dropped":{"automobility:steep_slope":1},"minecraft:used":{"minecraft:oak_log":32,"minecraft:quartz_bricks":21,"minecraft:oak_fence":20,"minecraft:prismarine_brick_slab":25,"minecraft:water_bucket":47,"cfm:stripped_birch_mail_box":2,"automobility:steep_slope":191,"minecraft:sea_lantern":53,"automobility:auto_mechanic_table":1,"minecraft:daylight_detector":27,"automobility:dash_panel":142,"cfm:white_picket_fence":16,"minecraft:cobblestone_stairs":5,"minecraft:quartz_pillar":6,"minecraft:smooth_quartz_slab":46,"minecraft:snow_block":5,"minecraft:carved_pumpkin":6,"cfm:oak_park_bench":6,"minecraft:grass_block":519,"minecraft:brick_stairs":1,"minecraft:smooth_sandstone":206,"minecraft:quartz_block":4,"minecraft:smooth_sandstone_slab":418,"cfm:oak_upgraded_fence":4,"cfm:stripped_birch_upgraded_fence":3,"minecraft:sandstone":3,"minecraft:cut_sandstone":12,"minecraft:cherry_leaves":93,"minecraft:smooth_quartz":7,"minecraft:pink_wool":4,"minecraft:quartz_stairs":4,"minecraft:cobblestone_slab":125,"minecraft:stone_brick_stairs":1,"minecraft:stone_bricks":33,"cfm:stripped_oak_upgraded_fence":40,"automobility:launch_gel":2,"cfm:birch_park_bench":27,"minecraft:sand":4,"minecraft:cobblestone":41,"automobility:slope":8,"minecraft:redstone_lamp":5,"minecraft:anvil":1,"minecraft:cut_sandstone_slab":100,"cfm:spruce_park_bench":6,"fairylights:pennant_bunting":6,"minecraft:prismarine_bricks":196,"minecraft:chiseled_quartz_block":24,"minecraft:white_concrete":12,"minecraft:spruce_log":208,"automobility:automobile_assembler":17,"minecraft:birch_stairs":12},"minecraft:picked_up":{"fairylights:pennant_bunting":1,"minecraft:torch":4,"minecraft:dandelion":4,"automobility:automobile_engine":4,"automobility:automobile_frame":7,"automobility:automobile_wheel":7,"minecraft:oak_sign":50,"automobility:steep_slope":1,"minecraft:poppy":4},"minecraft:custom":{"minecraft:time_since_rest":143696,"minecraft:sprint_one_cm":130658,"minecraft:walk_one_cm":294704,"minecraft:interact_with_anvil":2,"minecraft:drop":1,"minecraft:fly_one_cm":1585037,"minecraft:crouch_one_cm":411,"minecraft:play_time":143696,"minecraft:walk_under_water_one_cm":15428,"minecraft:sneak_time":2271,"minecraft:jump":336,"minecraft:leave_game":13,"minecraft:time_since_death":143696,"minecraft:walk_on_water_one_cm":21104,"minecraft:total_world_time":169839}},"DataVersion":3465}