{"stats":{"minecraft:picked_up":{"drinkbeer:recipe_board_beer_mug_sweet_berry_kriek":1,"drinkbeer:recipe_board_beer_mug_apple_lambic":1,"automobility:automobile_frame":1,"automobility:automobile_wheel":4,"drinkbeer:recipe_board_beer_mug_blaze_stout":1,"drinkbeer:recipe_board_beer_mug_frothy_pink_eggnog":1,"drinkbeer:recipe_board_beer_mug_night_howl_kvass":1,"drinkbeer:recipe_board_beer_mug_blaze_milk_stout":1,"drinkbeer:beer_mug_frothy_pink_eggnog":16,"drinkbeer:recipe_board_beer_mug_pumpkin_kvass":1,"drinkbeer:recipe_board_beer_mug":1,"drinkbeer:recipe_board_beer_mug_haars_icey_pale_lager":1},"minecraft:used":{"drinkbeer:golden_call_bell":2,"minecraft:oak_door":4,"drinkbeer:beer_mug_frothy_pink_eggnog":1,"minecraft:fishing_rod":29,"drinkbeer:recipe_board_beer_mug":1,"minecraft:cobblestone":1,"minecraft:flint_and_steel":60,"minecraft:spruce_slab":25,"minecraft:oak_stairs":12,"fairylights:hanging_lights":2,"minecraft:spruce_stairs":1,"minecraft:birch_wood":44,"minecraft:oak_sign":1,"fairylights:star_light":7,"minecraft:glass_pane":31,"minecraft:snowball":666,"minecraft:spruce_log":147,"automobility:automobile_assembler":1,"minecraft:milk_bucket":1,"minecraft:birch_stairs":34,"minecraft:stone_brick_stairs":137,"minecraft:oak_log":1},"minecraft:custom":{"minecraft:time_since_rest":57529,"minecraft:play_time":75405,"minecraft:crouch_one_cm":6764,"minecraft:sprint_one_cm":30541,"minecraft:walk_one_cm":72786,"minecraft:sneak_time":3838,"minecraft:jump":96,"minecraft:leave_game":1,"minecraft:time_since_death":75405,"minecraft:sleep_in_bed":1,"minecraft:total_world_time":75405,"minecraft:climb_one_cm":1071,"minecraft:fly_one_cm":864699}},"DataVersion":3465}