{"stats":{"minecraft:picked_up":{"fairylights:hanging_lights":8,"automobility:automobile_engine":1,"fairylights:fairy_light":1,"minecraft:dirt":234,"automobility:automobile_frame":1,"automobility:automobile_wheel":5,"automobility:automobile":2,"minecraft:cobblestone_slab":1,"automobility:crowbar":1,"minecraft:oak_planks":1,"minecraft:smooth_quartz_stairs":1},"minecraft:dropped":{"minecraft:smooth_quartz_stairs":1},"minecraft:used":{"cfm:stripped_crimson_kitchen_sink_light":2,"minecraft:oak_log":92,"minecraft:oak_trapdoor":5,"minecraft:oak_fence":112,"minecraft:flowering_azalea":16,"minecraft:warped_stem":9,"minecraft:netherite_sword":4,"fairylights:orb_lantern":8,"minecraft:rose_bush":8,"minecraft:black_concrete":52,"cfm:oak_bedside_cabinet":2,"minecraft:flint_and_steel":4,"cfm:stripped_warped_chair":13,"fairylights:hanging_lights":36,"minecraft:lantern":7,"minecraft:grass_block":73,"minecraft:oak_stairs":36,"cfm:blue_cooler":5,"fairylights:tinsel":1,"minecraft:oak_planks":580,"cfm:stripped_warped_coffee_table":145,"cfm:jungle_kitchen_sink_light":2,"minecraft:sandstone":4,"cfm:rainbow_sofa":11,"minecraft:cherry_leaves":16,"polly_pets:snake_enclosure":3,"minecraft:stripped_jungle_wood":257,"cfm:stripped_oak_desk_cabinet":15,"fairylights:paper_lantern":1,"drinkbeer:beer_mug_pumpkin_kvass":1,"minecraft:smooth_quartz_stairs":34,"cfm:birch_upgraded_gate":1,"minecraft:purple_concrete":252,"minecraft:diamond_sword":8,"cfm:stripped_warped_upgraded_fence":1,"cfm:fridge_light":3,"minecraft:purple_bed":1,"fairylights:candle_lantern_light":1,"minecraft:oak_slab":13,"minecraft:tnt":12,"polly_pets:fish_tank":5,"cfm:trampoline":5,"fairylights:pennant_bunting":1,"cfm:stripped_crimson_chair":6,"cfm:oak_blinds":65,"fairylights:oil_lantern_light":1,"minecraft:crimson_door":4,"cfm:stripped_warped_upgraded_gate":5,"minecraft:chain":6,"minecraft:glass_pane":121,"cfm:blue_kitchen_drawer":2,"minecraft:white_concrete":1265,"minecraft:coarse_dirt":24,"fairylights:fairy_light":2,"cfm:stripped_oak_upgraded_gate":3,"cfm:purple_sofa":16,"minecraft:milk_bucket":1},"minecraft:custom":{"minecraft:time_since_rest":153003,"minecraft:sprint_one_cm":169506,"minecraft:walk_one_cm":255821,"minecraft:damage_taken":2296,"minecraft:drop":1,"minecraft:damage_dealt":2022,"minecraft:swim_one_cm":48128,"minecraft:player_kills":1,"minecraft:fly_one_cm":1167131,"minecraft:open_chest":11,"minecraft:crouch_one_cm":2933,"minecraft:play_time":198993,"minecraft:deaths":5,"minecraft:sneak_time":2556,"minecraft:walk_under_water_one_cm":43308,"minecraft:jump":857,"minecraft:leave_game":19,"minecraft:walk_on_water_one_cm":5213,"minecraft:time_since_death":152974,"minecraft:total_world_time":198993,"minecraft:fall_one_cm":11423},"minecraft:killed_by":{"minecraft:player":1}},"DataVersion":3465}