{"stats":{"minecraft:custom":{"minecraft:time_since_rest":40758,"minecraft:open_enderchest":1,"minecraft:sprint_one_cm":17298,"minecraft:damage_taken":25,"minecraft:walk_one_cm":74969,"minecraft:mob_kills":1,"minecraft:drop":21,"minecraft:use_wand":602,"minecraft:damage_dealt":200,"minecraft:interact_with_beacon":1,"minecraft:swim_one_cm":2181,"minecraft:fly_one_cm":262333,"minecraft:open_chest":2,"minecraft:crouch_one_cm":2271,"minecraft:play_time":40758,"minecraft:sneak_time":1230,"minecraft:walk_under_water_one_cm":10760,"minecraft:interact_with_lectern":1,"minecraft:jump":83,"minecraft:leave_game":3,"minecraft:time_since_death":40758,"minecraft:walk_on_water_one_cm":1097,"minecraft:climb_one_cm":1094,"minecraft:total_world_time":40758,"minecraft:fall_one_cm":209},"minecraft:dropped":{"drinkbeer:recipe_board_beer_mug_blaze_milk_stout":1,"drinkbeer:recipe_board_beer_mug_haars_icey_pale_lager":1,"minecraft:cooked_chicken":9,"drinkbeer:recipe_board_beer_mug_apple_lambic":1,"minecraft:cooked_cod":1,"drinkbeer:recipe_board_beer_mug_night_howl_kvass":1,"drinkbeer:recipe_board_beer_mug_frothy_pink_eggnog":1,"minecraft:cooked_mutton":1,"drinkbeer:recipe_board_beer_mug_blaze_stout":1,"drinkbeer:recipe_board_beer_mug_pumpkin_kvass":1,"drinkbeer:recipe_board_beer_mug":1,"minecraft:grass_block":1,"drinkbeer:recipe_board_beer_mug_sweet_berry_kriek":1},"minecraft:picked_up":{"drinkbeer:recipe_board_beer_mug_sweet_berry_kriek":1,"minecraft:stick":5,"drinkbeer:recipe_board_beer_mug_blaze_stout":1,"drinkbeer:recipe_board_beer_mug_blaze_milk_stout":1,"constructionwand:infinity_wand":1,"drinkbeer:recipe_board_beer_mug_pumpkin_kvass":1,"minecraft:oak_log":8,"drinkbeer:recipe_board_beer_mug":1,"minecraft:spruce_sapling":3,"minecraft:spruce_log":7,"drinkbeer:recipe_board_beer_mug_haars_icey_pale_lager":1,"minecraft:cooked_mutton":1,"drinkbeer:recipe_board_beer_mug_frothy_pink_eggnog":1,"drinkbeer:recipe_board_beer_mug_night_howl_kvass":1,"drinkbeer:recipe_board_beer_mug_apple_lambic":1,"minecraft:cooked_cod":1,"minecraft:cooked_chicken":1,"minecraft:oak_sapling":9},"minecraft:mined":{"minecraft:spruce_log":7,"minecraft:oak_log":8},"minecraft:used":{"minecraft:oak_log":5,"minecraft:netherite_sword":4,"minecraft:villager_spawn_egg":1,"constructionwand:infinity_wand":4,"minecraft:grass_block":635,"minecraft:spruce_slab":1,"minecraft:cherry_slab":1,"minecraft:smooth_sandstone":14,"cfm:oak_upgraded_fence":187,"minecraft:cherry_sign":2,"minecraft:diamond_ore":2,"minecraft:beacon":1,"minecraft:gilded_blackstone":1,"minecraft:dirt":20,"minecraft:tnt":10,"cfm:oak_upgraded_gate":8,"minecraft:birch_stairs":1},"minecraft:killed":{"minecraft:villager":1}},"DataVersion":3465}