{"stats":{"minecraft:killed":{"minecraft:zombie":1},"minecraft:picked_up":{"minecraft:water_bucket":1,"minecraft:glow_item_frame":2,"minecraft:lava_bucket":1,"minecraft:netherite_shovel":1,"minecraft:rotten_flesh":3,"minecraft:soul_lantern":4,"minecraft:quartz_stairs":1,"minecraft:netherite_hoe":1},"minecraft:used":{"minecraft:quartz_bricks":163,"minecraft:bookshelf":30,"minecraft:red_shulker_box":5,"minecraft:water_bucket":10,"minecraft:enchanting_table":1,"minecraft:lava_bucket":10,"cfm:post_box":5,"minecraft:black_stained_glass_pane":38,"minecraft:armor_stand":2,"minecraft:grass_block":25,"minecraft:barrier":2,"minecraft:netherite_chestplate":1,"minecraft:polished_blackstone_brick_wall":44,"minecraft:ender_chest":3,"minecraft:black_shulker_box":4,"minecraft:white_shulker_box":1,"minecraft:cauldron":3,"minecraft:prismarine_wall":76,"minecraft:cobblestone_slab":1,"minecraft:item_frame":17,"minecraft:soul_lantern":96,"beachparty:hammock":1,"minecraft:netherite_boots":1,"minecraft:glow_item_frame":11,"minecraft:brewing_stand":4,"minecraft:cobblestone":8,"minecraft:anvil":1,"minecraft:black_stained_glass":58,"minecraft:netherite_leggings":1,"minecraft:emerald_block":1,"minecraft:crafting_table":2,"minecraft:blue_shulker_box":6,"minecraft:furnace":1,"minecraft:blast_furnace":1,"minecraft:bucket":3,"another_furniture:birch_table":7,"minecraft:netherite_helmet":1,"minecraft:trapped_chest":6,"minecraft:chiseled_quartz_block":208,"minecraft:lime_shulker_box":9,"minecraft:spruce_fence":5,"minecraft:magenta_shulker_box":5,"minecraft:pointed_dripstone":3},"minecraft:custom":{"minecraft:time_since_rest":342499,"minecraft:open_enderchest":14,"minecraft:sprint_one_cm":83639,"minecraft:damage_taken":175,"minecraft:walk_one_cm":761228,"minecraft:mob_kills":1,"minecraft:trigger_trapped_chest":7,"minecraft:interact_with_anvil":75,"minecraft:drop":1,"minecraft:damage_dealt":266,"minecraft:interact_with_crafting_table":2,"minecraft:fly_one_cm":518138,"minecraft:open_chest":2,"minecraft:fill_cauldron":10,"minecraft:crouch_one_cm":14005,"minecraft:play_time":342499,"minecraft:open_shulker_box":13,"minecraft:sneak_time":3988,"minecraft:walk_under_water_one_cm":47635,"minecraft:jump":396,"minecraft:leave_game":10,"minecraft:walk_on_water_one_cm":5245,"minecraft:time_since_death":342499,"minecraft:total_world_time":342499,"minecraft:use_cauldron":3,"minecraft:fall_one_cm":269},"minecraft:dropped":{"minecraft:grass_block":1}},"DataVersion":3465}