{"stats":{"minecraft:killed":{"minecraft:zombie":1},"minecraft:picked_up":{"minecraft:water_bucket":1,"minecraft:lava_bucket":1,"minecraft:rotten_flesh":3,"minecraft:quartz_stairs":1},"minecraft:used":{"minecraft:quartz_bricks":61,"minecraft:red_shulker_box":5,"minecraft:water_bucket":6,"minecraft:bookshelf":30,"minecraft:enchanting_table":1,"cfm:post_box":5,"minecraft:grass_block":19,"minecraft:armor_stand":2,"minecraft:netherite_chestplate":1,"minecraft:barrier":2,"minecraft:ender_chest":3,"minecraft:black_shulker_box":4,"minecraft:white_shulker_box":1,"minecraft:cauldron":1,"minecraft:cobblestone_slab":1,"minecraft:item_frame":1,"minecraft:soul_lantern":9,"beachparty:hammock":1,"minecraft:netherite_boots":1,"minecraft:glow_item_frame":9,"minecraft:brewing_stand":4,"minecraft:cobblestone":5,"minecraft:anvil":1,"minecraft:netherite_leggings":1,"minecraft:emerald_block":1,"minecraft:crafting_table":2,"minecraft:blue_shulker_box":6,"another_furniture:birch_table":7,"minecraft:netherite_helmet":1,"minecraft:trapped_chest":6,"minecraft:chiseled_quartz_block":137,"minecraft:lime_shulker_box":7,"minecraft:magenta_shulker_box":5},"minecraft:custom":{"minecraft:time_since_rest":229565,"minecraft:open_enderchest":12,"minecraft:sprint_one_cm":71970,"minecraft:damage_taken":175,"minecraft:walk_one_cm":507983,"minecraft:trigger_trapped_chest":7,"minecraft:interact_with_anvil":75,"minecraft:mob_kills":1,"minecraft:drop":1,"minecraft:damage_dealt":266,"minecraft:interact_with_crafting_table":2,"minecraft:fly_one_cm":376870,"minecraft:open_chest":2,"minecraft:fill_cauldron":6,"minecraft:crouch_one_cm":10073,"minecraft:play_time":229565,"minecraft:open_shulker_box":5,"minecraft:sneak_time":3020,"minecraft:walk_under_water_one_cm":40423,"minecraft:jump":291,"minecraft:leave_game":8,"minecraft:walk_on_water_one_cm":4843,"minecraft:time_since_death":229565,"minecraft:total_world_time":229565,"minecraft:fall_one_cm":269},"minecraft:dropped":{"minecraft:grass_block":1}},"DataVersion":3465}