{"stats":{"minecraft:custom":{"minecraft:mob_kills":31,"minecraft:animals_bred":3,"minecraft:eat_cake_slice":7,"minecraft:leave_game":21,"minecraft:time_since_death":1646920,"minecraft:climb_one_cm":10575,"minecraft:sprint_one_cm":1379559,"minecraft:walk_one_cm":2690242,"minecraft:drop":15,"minecraft:play_time":1717463,"minecraft:deaths":7,"minecraft:sneak_time":30371,"minecraft:walk_under_water_one_cm":120948,"minecraft:jump":4222,"minecraft:walk_on_water_one_cm":54128,"minecraft:total_world_time":1723531,"minecraft:sleep_in_bed":4,"minecraft:time_since_rest":96516,"minecraft:damage_dealt":3943,"minecraft:swim_one_cm":31804,"minecraft:fly_one_cm":7755075,"minecraft:open_chest":13,"minecraft:crouch_one_cm":40256,"minecraft:fall_one_cm":209},"minecraft:dropped":{"fairylights:oil_lantern":1,"minecraft:barrier":1,"doggytalents:goose":1,"minecraft:coal":1,"fairylights:heart_light":1,"cfm:white_picket_gate":1,"minecraft:glistering_melon_slice":1,"fairylights:candle_lantern":1,"minecraft:ender_eye":1,"constructionwand:infinity_wand":1,"cfm:stripped_spruce_blinds":1,"fairylights:flower_light":2,"doggytalents:midi_keyboard":1,"fairylights:incandescent_light":1},"minecraft:picked_up":{"drinkbeer:spice_roasted_red_pine_nuts":1,"minecraft:wheat":1,"doggytalents:midi_keyboard":1,"drinkbeer:recipe_board_beer_mug_blaze_stout":3,"minecraft:ladder":6,"minecraft:lead":2,"drinkbeer:recipe_board_beer_mug_pumpkin_kvass":3,"drinkbeer:recipe_board_beer_mug":3,"drinkbeer:spice_frozen_persimmon":1,"fairylights:heart_light":1,"drinkbeer:recipe_board_beer_mug_frothy_pink_eggnog":3,"drinkbeer:recipe_board_beer_mug_night_howl_kvass":3,"drinkbeer:recipe_board_beer_mug_apple_lambic":3,"minecraft:beef":6,"drinkbeer:spice_golden_cinnamon_powder":1,"minecraft:ender_eye":1,"minecraft:smooth_quartz":1,"drinkbeer:recipe_board_beer_mug_sweet_berry_kriek":3,"automobility:automobile_assembler":1,"automobility:automobile_frame":221,"minecraft:glistering_melon_slice":1,"fairylights:oil_lantern":1,"minecraft:pink_petals":1,"fairylights:hanging_lights":7,"doggytalents:goose":1,"drinkbeer:recipe_board_beer_mug_haars_icey_pale_lager":3,"automobility:automobile_wheel":559,"cfm:stripped_spruce_blinds":2,"fairylights:flower_light":1,"minecraft:rabbit":2,"drinkbeer:recipe_board_beer_mug_blaze_milk_stout":3,"automobility:automobile_engine":92,"minecraft:soul_torch":1,"minecraft:ink_sac":2,"drinkbeer:spice_roasted_pecans":1,"minecraft:soul_lantern":1,"automobility:crowbar":1,"minecraft:coal":17},"minecraft:used":{"minecraft:peony":12,"minecraft:netherite_sword":16,"cfm:stripped_birch_chair":24,"cfm:stripped_birch_table":27,"minecraft:iron_shovel":76,"minecraft:flint_and_steel":15,"minecraft:polished_blackstone":1,"drinkbeer:spice_blaze_paprika":1,"minecraft:smooth_quartz_slab":22,"minecraft:redstone_ore":3,"minecraft:red_concrete":15,"fairylights:hanging_lights":14,"minecraft:spruce_slab":15,"minecraft:redstone":4,"minecraft:ladder":17,"fairylights:star_light":8,"yuushya:guitar":1,"another_furniture:dark_oak_chair":2,"minecraft:chest":6,"cfm:stripped_birch_upgraded_fence":141,"drinkbeer:spice_golden_cinnamon_powder":19,"minecraft:tinted_glass":1,"minecraft:white_terracotta":555,"minecraft:stone":18,"minecraft:sculk":1,"cfm:red_kitchen_sink":8,"minecraft:quartz_stairs":4,"fairylights:oil_lantern":13,"minecraft:stripped_birch_wood":22,"cfm:stripped_spruce_coffee_table":54,"minecraft:sculk_sensor":1,"minecraft:white_candle":15,"minecraft:soul_campfire":1,"drinkbeer:spice_ice_mint":1,"fairylights:heart_light":1,"minecraft:torch":3,"cfm:gray_kitchen_sink":2,"minecraft:soul_sand":2,"minecraft:dirt":15,"minecraft:white_carpet":2,"cfm:trampoline":15,"minecraft:blue_stained_glass":5,"drinkbeer:spice_roasted_pecans":1,"minecraft:light_blue_stained_glass":8,"fairylights:flower_light":3,"automobility:automobile_assembler":16,"drinkbeer:spice_roasted_red_pine_nuts":18,"minecraft:polished_diorite":1,"minecraft:shroomlight":6,"minecraft:birch_door":7,"minecraft:glass":755,"automobility:steep_slope":22,"minecraft:stone_brick_slab":3,"automobility:snow_off_road":20,"cfm:door_mat":6,"minecraft:flowering_azalea":2,"minecraft:sea_lantern":41,"minecraft:bricks":44,"minecraft:bamboo_fence":11,"automobility:dash_panel":111,"drinkbeer:spice_glace_goji_berries":19,"minecraft:quartz_pillar":62,"minecraft:yellow_stained_glass":3,"minecraft:quartz_slab":2,"minecraft:iron_block":108,"minecraft:black_stained_glass_pane":29,"minecraft:lantern":3,"minecraft:grass_block":363,"minecraft:oak_stairs":2,"minecraft:cherry_slab":269,"minecraft:brick_stairs":3,"minecraft:smooth_sandstone":3,"minecraft:quartz_block":3,"yuushya:pc_case":1,"cfm:stripped_oak_chair":3,"minecraft:warped_nylium":1,"drinkbeer:spice_amethyst_nigella_seeds":2,"doggytalents:grand_piano_black_item":2,"minecraft:red_candle":37,"minecraft:dark_oak_slab":4,"minecraft:cherry_leaves":27,"drinkbeer:spice_dried_selaginella":4,"minecraft:smooth_quartz":63,"cfm:mangrove_kitchen_sink_light":4,"fairylights:spider_light":3,"minecraft:bamboo":2,"minecraft:deepslate_diamond_ore":1,"minecraft:reinforced_deepslate":2,"minecraft:glowstone":3,"cfm:birch_park_bench":12,"minecraft:magma_block":1,"minecraft:black_stained_glass":461,"minecraft:warped_fungus":1,"cfm:fridge_light":6,"minecraft:emerald_block":55,"minecraft:sweet_berries":23,"minecraft:pitcher_plant":1,"minecraft:lime_stained_glass":3,"minecraft:oxidized_copper":1,"fairylights:witch_light":10,"minecraft:gold_block":1,"cfm:black_kitchen_counter":6,"drinkbeer:bartending_table_normal":10,"minecraft:pearlescent_froglight":6,"fairylights:candle_lantern":26,"cfm:red_grill":8,"minecraft:cherry_fence":53,"minecraft:cherry_log":283,"minecraft:bamboo_planks":161,"drinkbeer:trade_box_normal":10,"fairylights:incandescent_light":7,"fairylights:jack_o_lantern":13,"minecraft:quartz_bricks":308,"minecraft:water_bucket":107,"minecraft:end_rod":1,"minecraft:amethyst_block":6,"minecraft:snow_block":29,"minecraft:brick_wall":10,"minecraft:lodestone":1,"minecraft:prismarine_brick_slab":3,"minecraft:cut_copper_slab":2,"cfm:black_kitchen_sink":1,"minecraft:stripped_birch_log":3,"minecraft:red_stained_glass":11,"minecraft:powered_rail":5,"minecraft:oak_planks":6,"minecraft:polished_diorite_slab":3,"minecraft:fox_spawn_egg":4,"minecraft:sandstone":17,"fairylights:meteor_light":7,"minecraft:cherry_planks":12,"drinkbeer:recipe_board_beer_mug_night_howl_kvass":4,"minecraft:redstone_block":13,"cfm:stripped_acacia_table":1,"drinkbeer:spice_storm_shards":1,"minecraft:beacon":3,"minecraft:cobblestone_slab":18,"minecraft:calibrated_sculk_sensor":1,"fairylights:paper_lantern":9,"minecraft:large_amethyst_bud":1,"minecraft:waxed_copper_block":5,"minecraft:smooth_quartz_stairs":79,"minecraft:gilded_blackstone":2,"minecraft:glow_item_frame":1,"minecraft:respawn_anchor":1,"minecraft:glow_berries":11,"automobility:slope":10,"minecraft:diamond_block":4,"fairylights:candle_lantern_light":3,"minecraft:rail":7,"cfm:stripped_birch_blinds":226,"minecraft:light_blue_concrete":27,"minecraft:oak_slab":4,"minecraft:tnt":4,"minecraft:red_bed":2,"minecraft:sculk_shrieker":1,"minecraft:campfire":1,"minecraft:oxidized_cut_copper_slab":2,"minecraft:ochre_froglight":3,"minecraft:chiseled_quartz_block":8,"minecraft:stripped_cherry_wood":1,"minecraft:cake":5,"minecraft:cyan_stained_glass":2,"minecraft:oak_log":4,"minecraft:small_amethyst_bud":1,"minecraft:redstone_torch":14,"minecraft:purple_stained_glass":5,"minecraft:light_blue_candle":3,"minecraft:amethyst_cluster":7,"minecraft:mud":2,"minecraft:netherite_block":1,"drinkbeer:spice_dried_eglia_bud":2,"minecraft:ender_eye":3,"minecraft:black_wool":800,"minecraft:black_concrete":3,"minecraft:crying_obsidian":4,"minecraft:cherry_door":3,"minecraft:heavy_weighted_pressure_plate":8,"cfm:stripped_oak_coffee_table":12,"minecraft:barrier":12,"minecraft:verdant_froglight":1,"cfm:fridge_dark":4,"minecraft:cyan_concrete":5,"cfm:stripped_birch_upgraded_gate":5,"minecraft:bamboo_slab":32,"cfm:orange_kitchen_sink":5,"minecraft:crimson_nylium":1,"drinkbeer:recipe_board_package":8,"minecraft:soul_lantern":15,"cfm:stripped_spruce_blinds":106,"minecraft:pink_petals":146,"drinkbeer:spice_frozen_persimmon":3,"drinkbeer:beer_barrel":9,"minecraft:coal_block":4,"cfm:pink_kitchen_sink":1,"minecraft:diamond_sword":73,"cfm:stripped_oak_table":3,"minecraft:crimson_fungus":1,"minecraft:cobblestone":3,"minecraft:cherry_stairs":18,"doggytalents:grand_piano_white_item":5,"minecraft:medium_amethyst_bud":8,"fairylights:oil_lantern_light":10,"minecraft:white_stained_glass":5,"minecraft:lapis_block":1,"minecraft:glass_pane":95,"minecraft:chain":6,"minecraft:black_candle":4,"minecraft:smooth_stone_slab":16,"cfm:red_kitchen_counter":25,"minecraft:end_portal_frame":3,"minecraft:sea_pickle":7,"minecraft:white_concrete":10,"minecraft:gray_wool":1482,"minecraft:sculk_vein":2,"minecraft:sculk_catalyst":2,"minecraft:smooth_stone":1,"cfm:white_picket_gate":93,"minecraft:soul_torch":2,"minecraft:gray_stained_glass":5},"minecraft:killed":{"minecraft:fox":6,"minecraft:villager":4}},"DataVersion":3465}