{"stats":{"minecraft:custom":{"minecraft:jump":99,"minecraft:open_chest":1,"minecraft:time_since_rest":31180,"minecraft:damage_taken":100,"minecraft:leave_game":5,"minecraft:crouch_one_cm":160,"minecraft:play_time":31180,"minecraft:sprint_one_cm":69564,"minecraft:time_since_death":31180,"minecraft:walk_on_water_one_cm":248,"minecraft:walk_one_cm":72197,"minecraft:sneak_time":84,"minecraft:total_world_time":31180,"minecraft:climb_one_cm":526,"minecraft:walk_under_water_one_cm":277,"minecraft:drop":36,"minecraft:fly_one_cm":136061},"minecraft:dropped":{"minecraft:cooked_mutton":36},"minecraft:picked_up":{"minecraft:cooked_mutton":12,"minecraft:grass_block":1}},"DataVersion":3465}