{"stats":{"minecraft:custom":{"minecraft:time_since_rest":42241,"minecraft:open_chest":1,"minecraft:crouch_one_cm":160,"minecraft:sprint_one_cm":84818,"minecraft:play_time":42241,"minecraft:damage_taken":100,"minecraft:walk_one_cm":103037,"minecraft:sneak_time":84,"minecraft:walk_under_water_one_cm":1404,"minecraft:drop":48,"minecraft:jump":174,"minecraft:leave_game":5,"minecraft:walk_on_water_one_cm":290,"minecraft:time_since_death":42241,"minecraft:climb_one_cm":526,"minecraft:total_world_time":42241,"minecraft:fly_one_cm":189620},"minecraft:dropped":{"automobility:crowbar":1,"minecraft:cooked_mutton":46,"automobility:automobile":1},"minecraft:picked_up":{"minecraft:cooked_mutton":12,"minecraft:grass_block":1},"minecraft:used":{"minecraft:grass_block":2,"cfm:trampoline":13,"refurbished_furniture:black_trampoline":10}},"DataVersion":3465}