{"stats":{"minecraft:custom":{"minecraft:bell_ring":74,"minecraft:pot_flower":3,"minecraft:eat_cake_slice":86,"minecraft:leave_game":8,"minecraft:time_since_death":561873,"minecraft:sleep_in_bed":1,"minecraft:time_since_rest":221675,"minecraft:sprint_one_cm":61562,"minecraft:damage_taken":413,"minecraft:walk_one_cm":1166357,"minecraft:drop":36,"minecraft:damage_dealt":60,"minecraft:swim_one_cm":64524,"minecraft:fly_one_cm":1446201,"minecraft:open_chest":2,"minecraft:crouch_one_cm":6862,"minecraft:play_time":561873,"minecraft:sneak_time":4758,"minecraft:walk_under_water_one_cm":23728,"minecraft:jump":393,"minecraft:walk_on_water_one_cm":4941,"minecraft:interact_with_smoker":1,"minecraft:total_world_time":561873},"minecraft:dropped":{"minecraft:milk_bucket":2,"minecraft:writable_book":34},"minecraft:picked_up":{"fairylights:hanging_lights":5,"minecraft:lantern":3,"minecraft:dark_oak_door":1,"minecraft:stick":1,"minecraft:milk_bucket":2,"fairylights:candle_lantern":1,"fairylights:incandescent_light":1,"minecraft:carrot":1,"minecraft:writable_book":38,"minecraft:cherry_sapling":9,"fairylights:oil_lantern":1},"minecraft:used":{"minecraft:dark_oak_stairs":13,"minecraft:cherry_sapling":6,"minecraft:chiseled_bookshelf":2,"cfm:stripped_birch_cabinet":7,"cfm:stripped_birch_chair":8,"cfm:stripped_jungle_blinds":76,"minecraft:end_rod":2,"minecraft:writable_book":42,"minecraft:purple_candle":5,"minecraft:spruce_door":1,"minecraft:lodestone":1,"minecraft:flint_and_steel":3,"cfm:oak_park_bench":2,"drinkbeer:spice_blaze_paprika":3,"drinkbeer:recipe_board_beer_mug_blaze_milk_stout":2,"fairylights:hanging_lights":10,"drinkbeer:empty_beer_mug":1,"drinkbeer:recipe_board_beer_mug_haars_icey_pale_lager":1,"minecraft:bone_block":8,"minecraft:oak_planks":137,"drinkbeer:recipe_board_beer_mug_apple_lambic":1,"fairylights:star_light":1,"drinkbeer:spice_golden_cinnamon_powder":1,"minecraft:sandstone":8,"minecraft:cherry_planks":977,"cfm:birch_bedside_cabinet":1,"minecraft:cut_sandstone":10,"cfm:jungle_desk_cabinet":4,"fairylights:oil_lantern":4,"minecraft:bell":2,"cfm:stripped_spruce_chair":1,"cfm:stripped_birch_coffee_table":30,"minecraft:deepslate_bricks":228,"cfm:stripped_oak_desk_cabinet":1,"minecraft:polished_blackstone_bricks":1,"minecraft:oak_door":1,"minecraft:cookie":24,"minecraft:orange_bed":1,"fairylights:heart_light":3,"minecraft:glow_item_frame":2,"cfm:stripped_birch_desk":1,"minecraft:pink_candle":4,"minecraft:spyglass":1,"minecraft:dirt":2,"minecraft:sand":10,"drinkbeer:recipe_board_beer_mug_pumpkin_kvass":1,"minecraft:carrot":10,"minecraft:painting":25,"minecraft:pink_carpet":7,"minecraft:glow_lichen":1,"minecraft:smoker":1,"fairylights:flower_light":2,"minecraft:dark_oak_door":11,"minecraft:milk_bucket":1,"minecraft:redstone_torch":4,"minecraft:deepslate_tiles":1,"minecraft:flower_pot":5,"minecraft:dark_oak_planks":463,"cfm:dark_oak_cabinet":1,"cfm:dark_oak_upgraded_fence":15,"minecraft:sea_lantern":22,"minecraft:bookshelf":2,"minecraft:daylight_detector":17,"minecraft:cherry_door":3,"cfm:white_kitchen_drawer":6,"minecraft:lantern":112,"minecraft:grass_block":40,"minecraft:cherry_slab":360,"drinkbeer:recipe_board_beer_mug_blaze_stout":1,"cfm:fridge_dark":2,"minecraft:smooth_sandstone":194,"fairylights:tinsel":1,"drinkbeer:spice_amethyst_nigella_seeds":5,"fairylights:skull_light":3,"polly_pets:leopard_gecko_spawn_egg":1,"cfm:birch_kitchen_sink_dark":1,"cfm:white_kitchen_counter":10,"drinkbeer:spice_dried_selaginella":2,"drinkbeer:recipe_board_beer_mug_sweet_berry_kriek":2,"minecraft:gravel":6,"minecraft:soul_lantern":11,"drinkbeer:spice_frozen_persimmon":1,"minecraft:pink_petals":132,"minecraft:pink_bed":2,"drinkbeer:recipe_board_beer_mug":2,"minecraft:redstone_lamp":17,"cfm:birch_park_bench":2,"cfm:pink_sofa":9,"minecraft:cherry_stairs":205,"fairylights:pennant_bunting":1,"minecraft:goat_horn":9,"minecraft:stripped_oak_wood":29,"cfm:red_sofa":1,"cfm:stripped_birch_bedside_cabinet":2,"minecraft:jungle_door":1,"fairylights:oil_lantern_light":12,"minecraft:andesite":1,"minecraft:chain":41,"minecraft:glass_pane":109,"cfm:birch_desk":6,"fairylights:candle_lantern":1,"drinkbeer:beer_mug_sweet_berry_kriek":16,"drinkbeer:trade_box_normal":1,"minecraft:acacia_planks":12,"minecraft:cherry_fence":66,"minecraft:cherry_log":767,"minecraft:jukebox":1,"minecraft:bone_meal":29,"cfm:stripped_jungle_desk_cabinet":3,"cfm:jungle_bedside_cabinet":1,"drinkbeer:lekas_call_bell":1,"fairylights:incandescent_light":1}},"DataVersion":3465}