{"stats":{"minecraft:custom":{"minecraft:time_since_rest":761212,"minecraft:sprint_one_cm":169921,"minecraft:walk_one_cm":1660342,"minecraft:mob_kills":1,"minecraft:drop":3,"minecraft:damage_dealt":100,"minecraft:fly_one_cm":2244308,"minecraft:open_chest":8,"minecraft:crouch_one_cm":108890,"minecraft:play_time":761212,"minecraft:sneak_time":35025,"minecraft:walk_under_water_one_cm":177306,"minecraft:jump":2023,"minecraft:leave_game":18,"minecraft:time_since_death":761212,"minecraft:walk_on_water_one_cm":41581,"minecraft:total_world_time":770229},"minecraft:used":{"minecraft:diorite_stairs":1,"minecraft:shroomlight":76,"minecraft:quartz_bricks":27,"minecraft:glass":1889,"minecraft:water_bucket":104,"minecraft:polished_granite_stairs":1,"minecraft:sea_lantern":64,"minecraft:black_wool":7,"minecraft:lava_bucket":87,"automobility:dash_panel":18,"minecraft:quartz_pillar":2,"minecraft:crying_obsidian":73,"minecraft:yellow_stained_glass":12,"minecraft:red_concrete":3,"minecraft:black_stained_glass_pane":257,"minecraft:grass_block":95,"minecraft:red_stained_glass":2,"minecraft:barrier":617,"minecraft:polished_andesite_stairs":1,"minecraft:jungle_log":4,"minecraft:quartz_block":14,"minecraft:chest":2,"minecraft:white_terracotta":8,"minecraft:redstone_block":4,"minecraft:smooth_quartz":215,"fairylights:oil_lantern":2,"minecraft:quartz_stairs":19,"minecraft:cobblestone_slab":34,"minecraft:soul_lantern":26,"minecraft:smooth_quartz_stairs":52,"minecraft:gilded_blackstone":1,"minecraft:torch":1,"minecraft:soul_sand":13,"minecraft:cobblestone":17,"minecraft:black_stained_glass":2383,"minecraft:emerald_block":34,"minecraft:stripped_oak_wood":121,"minecraft:prismarine_brick_stairs":40,"minecraft:andesite_stairs":1,"minecraft:polished_diorite_stairs":1,"minecraft:pink_stained_glass":4,"minecraft:gold_block":1,"minecraft:pearlescent_froglight":69,"minecraft:cobbled_deepslate_stairs":1,"minecraft:deepslate_brick_stairs":1,"minecraft:stripped_spruce_log":4,"cfm:white_picket_gate":25,"minecraft:soul_torch":16,"minecraft:polished_deepslate_stairs":1},"minecraft:dropped":{"minecraft:smooth_quartz":1,"fairylights:triangle_pennant":2},"minecraft:picked_up":{"minecraft:barrier":1,"minecraft:soul_torch":1,"fairylights:triangle_pennant":2,"cfm:white_picket_gate":1,"minecraft:soul_lantern":1,"fairylights:oil_lantern":1}},"DataVersion":3465}