{"stats":{"minecraft:custom":{"minecraft:mob_kills":22,"minecraft:leave_game":7,"minecraft:time_since_death":501088,"minecraft:climb_one_cm":568,"minecraft:time_since_rest":501088,"minecraft:sprint_one_cm":165384,"minecraft:walk_one_cm":451219,"minecraft:drop":7,"minecraft:damage_dealt":2807,"minecraft:fly_one_cm":3506669,"minecraft:crouch_one_cm":346,"minecraft:play_time":501088,"minecraft:sneak_time":163,"minecraft:walk_under_water_one_cm":10733,"minecraft:jump":1747,"minecraft:walk_on_water_one_cm":5473,"minecraft:total_world_time":501088},"minecraft:dropped":{"minecraft:yellow_concrete":1,"minecraft:mangrove_planks":1,"fairylights:heart_light":1,"minecraft:mangrove_stairs":1,"fairylights:triangle_pennant":1,"fairylights:flower_light":1,"minecraft:black_concrete":1},"minecraft:killed":{"minecraft:cat":14,"polly_pets:golden_retriever":1,"polly_pets:corgi":1,"polly_pets:borzoi":1,"polly_pets:cerberus":1,"polly_pets:dachshund":1,"polly_pets:jack_russell_terrier":1,"polly_pets:husky":1,"polly_pets:shihtzu":1},"minecraft:picked_up":{"fairylights:pennant_bunting":1,"fairylights:hanging_lights":1,"fairylights:tinsel":1,"fairylights:triangle_pennant":1,"minecraft:string":13,"fairylights:heart_light":3,"fairylights:flower_light":4,"minecraft:mangrove_planks":1,"minecraft:yellow_concrete":1,"minecraft:mangrove_stairs":1,"minecraft:black_concrete":1},"minecraft:used":{"minecraft:quartz_bricks":227,"minecraft:oak_fence":1,"minecraft:purpur_block":17,"minecraft:dark_oak_stairs":20,"minecraft:netherite_sword":60,"minecraft:diorite":10,"minecraft:iron_bars":11,"polly_pets:cerberus_spawn_egg":1,"minecraft:orange_concrete":470,"minecraft:birch_leaves":11,"fairylights:hanging_lights":2,"minecraft:polished_andesite":29,"polly_pets:dachshund_spawn_egg":1,"minecraft:mangrove_planks":372,"minecraft:birch_wood":116,"polly_pets:husky_spawn_egg":1,"minecraft:cherry_planks":92,"minecraft:tinted_glass":2,"polly_pets:bombay_spawn_egg":1,"fairylights:heart_light":1,"minecraft:pink_concrete":5,"minecraft:mangrove_trapdoor":1,"polly_pets:jack_russell_terrier_spawn_egg":1,"minecraft:yellow_concrete":63,"minecraft:pink_terracotta":2,"minecraft:gray_concrete":2,"fairylights:flower_light":2,"minecraft:stripped_spruce_log":66,"minecraft:polished_diorite":160,"minecraft:birch_fence":4,"minecraft:deepslate_tiles":31,"minecraft:dark_oak_planks":20,"minecraft:black_concrete":1875,"minecraft:bricks":19,"polly_pets:corgi_spawn_egg":1,"minecraft:mangrove_stairs":277,"minecraft:gray_stained_glass_pane":6,"minecraft:grass_block":644,"minecraft:cherry_slab":399,"fairylights:tinsel":2,"minecraft:cherry_trapdoor":68,"minecraft:polished_granite":27,"polly_pets:snake_enclosure":1,"minecraft:spruce_trapdoor":2,"minecraft:cherry_sign":1,"minecraft:cat_spawn_egg":16,"minecraft:crimson_planks":2,"minecraft:stone_bricks":83,"polly_pets:borzoi_spawn_egg":1,"minecraft:cherry_stairs":183,"fairylights:pennant_bunting":2,"minecraft:mangrove_slab":15,"polly_pets:golden_retriever_spawn_egg":1,"minecraft:birch_log":214,"minecraft:stripped_cherry_log":366,"minecraft:white_concrete":128,"minecraft:cherry_fence":4,"polly_pets:shihtzu_spawn_egg":1,"minecraft:cobweb":4}},"DataVersion":3465}