{"stats":{"minecraft:custom":{"minecraft:mob_kills":1,"minecraft:animals_bred":2,"minecraft:interact_with_crafting_table":6,"minecraft:open_barrel":1,"minecraft:pot_flower":4,"minecraft:interact_with_stonecutter":1,"minecraft:leave_game":7,"minecraft:time_since_death":292048,"minecraft:sleep_in_bed":2,"minecraft:climb_one_cm":1303,"minecraft:time_since_rest":66333,"minecraft:sprint_one_cm":125964,"minecraft:walk_one_cm":455215,"minecraft:drop":3,"minecraft:damage_dealt":100,"minecraft:interact_with_beacon":3,"minecraft:swim_one_cm":4572,"minecraft:fly_one_cm":1186151,"minecraft:crouch_one_cm":3746,"minecraft:play_time":292048,"minecraft:sneak_time":4528,"minecraft:walk_under_water_one_cm":2757,"minecraft:aviate_one_cm":376065,"minecraft:jump":424,"minecraft:walk_on_water_one_cm":2509,"minecraft:total_world_time":292048,"minecraft:inspect_dispenser":2},"minecraft:dropped":{"minecraft:sweet_berries":1,"minecraft:glow_berries":1,"minecraft:bone":1},"minecraft:crafted":{"minecraft:firework_star":64,"minecraft:firework_rocket":384},"minecraft:picked_up":{"minecraft:bone":1,"minecraft:apple":2,"minecraft:stick":1,"minecraft:oak_sapling":4},"minecraft:killed":{"polly_pets:calico":1},"minecraft:used":{"minecraft:oak_trapdoor":2,"cfm:spruce_kitchen_sink_light":1,"minecraft:netherite_sword":2,"minecraft:writable_book":1,"minecraft:spruce_door":19,"minecraft:flint_and_steel":229,"cfm:spruce_hedge":1,"minecraft:dispenser":1,"polly_pets:sable_ferret_spawn_egg":1,"minecraft:lead":1,"minecraft:spruce_slab":40,"minecraft:redstone":17,"minecraft:poppy":1,"minecraft:ladder":5,"polly_pets:husky_spawn_egg":1,"minecraft:spruce_planks":87,"minecraft:chest":3,"minecraft:fox_spawn_egg":7,"minecraft:ender_chest":1,"minecraft:beacon":3,"minecraft:stonecutter":1,"cfm:spruce_bedside_cabinet":2,"minecraft:spruce_fence_gate":21,"cfm:stripped_spruce_chair":4,"minecraft:spruce_leaves":9,"minecraft:bee_spawn_egg":2,"minecraft:glow_berries":5,"minecraft:dirt":4,"minecraft:anvil":1,"minecraft:comparator":1,"polly_pets:pet_water_bottle":1,"minecraft:crafting_table":1,"minecraft:red_bed":1,"cfm:oak_blinds":19,"minecraft:spruce_stairs":98,"minecraft:campfire":40,"minecraft:bee_nest":2,"minecraft:painting":26,"polly_pets:red_bed_recipe":1,"minecraft:spruce_fence":41,"cfm:spruce_table":2,"minecraft:spruce_log":58,"minecraft:stripped_spruce_log":130,"minecraft:fern":4,"minecraft:redstone_torch":8,"minecraft:mossy_cobblestone_stairs":3,"minecraft:glass":8,"minecraft:stone_brick_slab":5,"minecraft:flower_pot":4,"cfm:spruce_upgraded_fence":134,"minecraft:netherite_shovel":112,"minecraft:firework_rocket":59,"minecraft:bookshelf":6,"minecraft:lantern":30,"minecraft:grass_block":79,"minecraft:lectern":1,"minecraft:spruce_trapdoor":61,"minecraft:spruce_sapling":21,"cfm:spruce_mail_box":1,"minecraft:cat_spawn_egg":2,"minecraft:barrel":8,"minecraft:stone_brick_stairs":91,"minecraft:stone_bricks":2,"minecraft:soul_lantern":1,"drinkbeer:beer_barrel":6,"minecraft:repeater":5,"minecraft:red_carpet":2,"minecraft:cobblestone":71,"minecraft:snow":269,"cfm:fridge_light":1,"cfm:spruce_park_bench":2,"minecraft:sweet_berries":32,"minecraft:wolf_spawn_egg":2,"minecraft:goat_horn":4,"polly_pets:spruce_dog_house":1,"cfm:red_sofa":2,"minecraft:glass_pane":20,"minecraft:gold_block":20,"polly_pets:calico_spawn_egg":1,"cfm:light_blue_cooler":1,"minecraft:candle":7,"minecraft:bone_meal":81,"minecraft:jukebox":2}},"DataVersion":3465}