{
  "minecraft:recipes/decorations/crafting_table": {
    "criteria": {
      "unlock_right_away": "2024-11-25 03:25:56 +0000"
    },
    "done": true
  },
  "minecraft:adventure/adventuring_time": {
    "criteria": {
      "minecraft:deep_ocean": "2024-11-25 03:25:57 +0000",
      "minecraft:snowy_taiga": "2024-11-25 03:26:24 +0000",
      "minecraft:plains": "2024-11-25 03:27:30 +0000"
    },
    "done": false
  },
  "yuushya:recipes/pictor": {
    "criteria": {
      "has_iron_ingot": "2024-11-25 03:31:43 +0000"
    },
    "done": true
  },
  "DataVersion": 3465
}